ATC5,l_atc5,prev
A01AB03,CHLORHEXIDINE,0.0920383613025577
A01AB11,DIVERS STOMATO LOCAL (ANTIINFECTIEUX OU ANTISEPTIQUES),0.0504509471013471
A01AD11,DIVERS STOMATO LOCAL (SAUF ANTIINFECTIEUX OU ANTISEPTIQUES),0.00207620389853926
A02AD01,ASSOCIATIONS DE SELS,0.00737063312302799
A02AX,ANTIACIDES : AUTRES ASSOCIATIONS,0.00638185873009834
A02BC01,OMEPRAZOLE,0.112601266858416
A02BC02,PANTOPRAZOLE,0.0819121901178293
A02BC03,LANSOPRAZOLE,0.0346480062700569
A02BC04,RABEPRAZOLE,0.0132677936625975
A02BC05,ESOMEPRAZOLE,0.143199910042021
A02BD08,"BISMUTH POTASSIQUE, TETRACYCLINE ET METRONIDAZOLE",0.00229151279587404
A02BX13,ALGINIQUE ACIDE EN ASSOCIATION AVEC ANTIACIDES,0.0618532351858079
A03AA04,MEBEVERINE,0.00149068764425656
A03AA05,TRIMEBUTINE,0.0305284911200341
A03AX04,PINAVERIUM,0.00389536444366756
A03AX12,PHLOROGLUCINOL,0.109524151806227
A03AX58,ALVERINE EN ASSOCIATION,0.0256869349453044
A03ED,ANTISPASMODIQUES EN ASSOCIATION AVEC D'AUTRES MEDICAMENTS,0.0119602365808018
A03FA01,METOCLOPRAMIDE,0.0177914525451123
A03FA03,DOMPERIDONE,0.0063232316097648
A04AA01,ONDANSETRON,0.00342711909153968
A04AD05,METOPIMAZINE,0.0466014721159162
A04AD12,APREPITANT,0.00330102797195018
A05AA02,URSODESOXYCHOLIQUE ACIDE,0.00253242972316699
A06AA51,HUILE DE PARAFFINE EN ASSOCIATION,0.00642487309041801
A06AB58,"PICOSULFATE DE SODIUM, ASSOCIATIONS",0.00820406307520734
A06AC01,ISPAGHUL (GRAINE DE PSYLLIUM),0.0113654225489632
A06AD10,SELS MINERAUX EN ASSOCIATION,0.00489620558059702
A06AD11,LACTULOSE,0.0162733830096509
A06AD12,LACTITOL,0.00148297862290174
A06AD15,MACROGOL,0.0698178621116495
A06AD65,MACROGOL EN ASSOCIATION,0.0438653335388872
A06AG20,ASSOCIATIONS,0.0218155777302728
A06AX02,MEDICAMENTS PRODUISANT DE L'ANHYDRIDE CARBONIQUE,0.0106145371161377
A07AA02,NYSTATINE,0.00229916511466574
A07BC05,DIOSMECTITE,0.0312086112930409
A07DA03,LOPERAMIDE,0.0326234974193181
A07EC02,MESALAZINE,0.00264074266819948
A07XA04,RACECADOTRIL,0.045965160733306
A09AA02,"MULTIENZYMES (LIPASE, PROTEASE...)",0.00241128259676279
A10AB04,INSULINE LISPRO,0.00388509300154305
A10AB05,INSULINE ASPART,0.00946340592419357
A10AB06,INSULINE GLULISINE,0.00108817632736328
A10AE04,INSULINE GLARGINE,0.0175601731764169
A10AE05,INSULINE DETEMIR,0.00132558927809987
A10AE06,INSULINE DEGLUDEC,0.00375446811656465
A10AE56,INSULINE DEGLUDEC ET LIRAGLUTIDE,0.00155347688667857
A10BA02,METFORMINE,0.0678634562674848
A10BB01,GLIBENCLAMIDE,0.00128289679877693
A10BB09,GLICLAZIDE,0.0164412730149079
A10BB12,GLIMEPIRIDE,0.00434454864131026
A10BD07,METFORMINE ET SITAGLIPTINE,0.0122729891186082
A10BD08,METFORMINE ET VILDAGLIPTINE,0.00266449357373092
A10BD15,METFORMINE + DAPAGLIFLOZINE,0.00330397722482421
A10BD20,METFORMINE + EMPAGLIFLOZINE,0.00152951661648836
A10BH01,SITAGLIPTINE,0.0112740209820731
A10BH02,VILDAGLIPTINE,0.00240647551760807
A10BJ02,LIRAGLUTIDE,0.00132317538905707
A10BJ05,DULAGLUTIDE,0.00911591104651003
A10BJ06,SEMAGLUTIDE,0.00997861057856993
A10BK01,DAPAGLIFLOZINE,0.0247844255871798
A10BK03,EMPAGLIFLOZINE,0.00861993368280227
A10BX02,REPAGLINIDE,0.0077816522217218
A11CC01,ERGOCALCIFEROL,0.00136057165102555
A11CC03,ALFACALCIDOL,0.00175337491477231
A11CC05,COLECALCIFEROL,0.355127839600702
A11CC06,CALCIFEDIOL,0.00654143578950213
A11HA03,TOCOPHEROL (VIT E),0.00339339830807743
A12AA04,CALCIUM CARBONATE,0.0101894693238855
A12AX,CALCIUM EN ASSOCIATION AVEC VITAMINE D ET/OU AUTRES MEDICAMENTS,0.0367886907578536
A12BA01,POTASSIUM CHLORURE,0.0264406376248066
A12CX,AUTRES ELEMENTS MINERAUX,0.0012014155462877
A16AX02,ANETHOLE TRITHIONE,0.00187046434791043
B01AA03,WARFARINE,0.00298304001436837
B01AA12,FLUINDIONE,0.00412497566364962
B01AB05,ENOXAPARINE,0.0230782887837153
B01AB10,TINZAPARINE,0.00857501046897684
B01AC04,CLOPIDOGREL,0.0174063029586061
B01AC06,ACETYLSALICYLIQUE ACIDE,0.116488333486365
B01AC24,TICAGRELOR,0.00275789688723412
B01AC30,ASSOCIATIONS,0.0056214164070084
B01AE07,DABIGATRAN,0.00255666201103099
B01AF01,RIVAROXABAN,0.0199121737558448
B01AF02,APIXABAN,0.0431080805050897
B01AX05,FONDAPARINUX,0.00360714741137673
B02AA02,TRANEXAMIQUE ACIDE,0.00734585331530861
B02BA01,PHYTOMENADIONE,0.00129580580691683
B03AA02,FUMARATE FERREUX,0.00439946729805353
B03AA06,SUCCINATE FERREUX,0.00115862536593802
B03AA07,SULFATE FERREUX,0.030388982464813
B03AA10,ASCORBATE FERREUX,0.0157291019923635
B03AB03,EDETATE DE FER SODIQUE,0.00179755833212348
B03BA01,CYANOCOBALAMINE,0.0137369422679145
B03BB01,FOLIQUE ACIDE,0.0508201630894769
B03XA01,ERYTHROPOIETINE,0.00195952143130802
B03XA02,DARBEPOETINE ALFA,0.00233808531283457
B05BA03,HYDRATES DE CARBONE,0.00255426069663645
B05BB01,ELECTROLYTES,0.0101729411949833
B05XA02,SODIUM BICARBONATE,0.0108457967780794
B05XA03,SODIUM CHLORURE,0.0232585053641806
C01AA05,DIGOXINE,0.00225597659381625
C01BC04,FLECAINIDE,0.0091422184968488
C01BD01,AMIODARONE,0.0125369851420276
C01CA17,MIDODRINE,0.0012687514929801
C01CA24,EPINEPHRINE,0.00391514147698232
C01DA02,NITROGLYCERINE,0.0110329953899288
C01DX12,MOLSIDOMINE,0.00100759189881201
C01DX16,NICORANDIL,0.00145282301449238
C01EB17,IVABRADINE,0.00154232174018882
C02AC06,RILMENIDINE,0.00655002019591164
C02CA04,DOXAZOSINE,0.00143838652698847
C02CA06,URAPIDIL,0.00642984805224484
C03AA03,HYDROCHLOROTHIAZIDE,0.0158784081995711
C03BA11,INDAPAMIDE,0.00702429605896221
C03CA01,FUROSEMIDE,0.0465310997319037
C03DA01,SPIRONOLACTONE,0.0170067530664671
C03DA04,EPLERENONE,0.00346609061316874
C03EA04,ALTIZIDE ET EPARGNEURS POTASSIQUES,0.00423141800846025
C07AA05,PROPRANOLOL,0.0145858851522546
C07AA07,SOTALOL,0.00609961792716773
C07AB02,METOPROLOL,0.00315780779923771
C07AB03,ATENOLOL,0.0128721600569425
C07AB04,ACEBUTOLOL,0.00518616715901127
C07AB05,BETAXOLOL,0.00119149008297671
C07AB07,BISOPROLOL,0.0716993697292848
C07AB08,CELIPROLOL,0.00269234401437817
C07AB12,NEBIVOLOL,0.0224800710330731
C07BB07,BISOPROLOL ET THIAZIDIQUES,0.00607054827742257
C07BB12,NEBIVOLOL ET THIAZIDIQUES,0.00421347370749839
C07FB02,METOPROLOL ET AUTRES ANTIHYPERTENSEURS,0.00154943807171868
C08CA01,AMLODIPINE,0.0396416262586302
C08CA04,NICARDIPINE,0.0144472408964352
C08CA11,MANIDIPINE,0.00193056400435087
C08CA13,LERCANIDIPINE,0.0372257489553065
C08DA01,VERAPAMIL,0.00671024256184186
C08DB01,DILTIAZEM,0.00364597608381549
C08GA02,AMLODIPINE ET DIURETIQUES,0.00131069769742954
C09AA02,ENALAPRIL,0.00416877339455044
C09AA03,LISINOPRIL,0.0015049961080359
C09AA04,PERINDOPRIL,0.0289663951475758
C09AA05,RAMIPRIL,0.0376838494383446
C09BA02,ENALAPRIL ET DIURETIQUES,0.00195879970731078
C09BA03,LISINOPRIL ET DIURETIQUES,0.00100574304571363
C09BA04,PERINDOPRIL ET DIURETIQUES,0.0132311065945679
C09BA05,RAMIPRIL ET DIURETIQUES,0.00404464634775512
C09BB02,ENALAPRIL ET LERCANIDIPINE,0.00602542630697687
C09BB04,PERINDOPRIL ET AMLODIPINE,0.0176104706673327
C09BB10,TRANDOLAPRIL ET VERAPAMIL,0.00148660378163324
C09BX02,PERINDOPRIL ET BISOPROLOL,0.00261576200720385
C09CA01,LOSARTAN,0.00447475540331942
C09CA03,VALSARTAN,0.00993588630769397
C09CA04,IRBESARTAN,0.0363166744917005
C09CA06,CANDESARTAN,0.0244829019377545
C09CA07,TELMISARTAN,0.00717937392941046
C09DA01,LOSARTAN ET DIURETIQUES,0.0040152035250548
C09DA03,VALSARTAN ET DIURETIQUES,0.0067187937682891
C09DA04,IRBESARTAN ET DIURETIQUES,0.0247954252001766
C09DA06,CANDESARTAN ET DIURETIQUES,0.0100205996360239
C09DA07,TELMISARTAN ET DIURETIQUES,0.00527332300733754
C09DB01,VALSARTAN ET AMLODIPINE,0.0114544413804911
C09DB04,TELMISARTAN ET AMLODIPINE,0.00282656753055273
C09DB05,IRBESARTAN + AMLODIPINE,0.00111789755916093
C09DX04,VALSARTAN + SACUBITRIL,0.00593190689791212
C10AA01,SIMVASTATINE,0.0228987058236837
C10AA03,PRAVASTATINE,0.0190287521443912
C10AA04,FLUVASTATINE,0.00244258935695384
C10AA05,ATORVASTATINE,0.0944401345933781
C10AA07,ROSUVASTATINE,0.0393551583324001
C10AB05,FENOFIBRATE,0.0123348917817926
C10AC01,COLESTYRAMINE,0.0011562961361483
C10AX09,EZETIMIBE,0.0150729241974457
C10BA02,SIMVASTATINE ET EZETIMIBE,0.00911696289684416
C10BA05,ATORVASTATINE ET EZETIMIBE,0.0299602796296544
C10BA06,ROSUVASTATINE + EZETIMIBE,0.0101825746386319
D01AC03,ECONAZOLE,0.0495551349602302
D01AC05,ISOCONAZOLE,0.00207098448328068
D01AC08,KETOCONAZOLE,0.0237070082225996
D01AC10,BIFONAZOLE,0.00454639784168588
D01AC11,OXICONAZOLE,0.00344401253080912
D01AC12,FENTICONAZOLE,0.00513979851154356
D01AC14,SERTACONAZOLE,0.0113869419169533
D01AC60,BIFONAZOLE EN ASSOCIATION,0.00476249110188419
D01AE14,CICLOPIROX,0.0379647462054053
D01AE15,TERBINAFINE,0.00698836742665916
D01AE16,AMOROLFINE,0.0103599144238015
D01BA02,TERBINAFINE,0.0057818398569268
D02AC,PARAFFINE ET PRODUITS GRAS,0.0528726730449075
D05AX52,CALCIPOTRIOL EN ASSOCIATION,0.0095726121332716
D06AX01,FUSIDIQUE ACIDE,0.0309401708718828
D06AX09,MUPIROCINE,0.0214301549394516
D06BA01,SULFADIAZINE ARGENTIQUE,0.0047731894185198
D06BB10,IMIQUIMOD,0.00301580526164927
D06BX01,METRONIDAZOLE,0.00758917993985177
D07AB02,HYDROCORTISONE BUTYRATE,0.0226617562142441
D07AB08,DESONIDE,0.0148731145206269
D07AC01,BETAMETHASONE,0.0717598808483017
D07AC06,DIFLUCORTOLONE,0.0142048771921552
D07AC16,HYDROCORTISONE ACEPONATE,0.0019262409933455
D07AD01,CLOBETASOL,0.0258031041197362
D07XC01,BETAMETHASONE,0.00725290445275157
D08AC02,CHLORHEXIDINE,0.0200463231150014
D08AC52,CHLORHEXIDINE EN ASSOCIATION,0.0785042004842451
D08AG02,POVIDONE IODEE,0.0730794248630661
D08AX07,SODIUM HYPOCHLORITE,0.0117698302086351
D10AD03,ADAPALENE,0.00203463034802594
D10AE01,BENZOYLE PEROXYDE,0.00336392261431763
D10AF02,ERYTHROMYCINE,0.00481161200172972
D10AX,AUTRES PREPARATIONS ANTIACNEIQUES A USAGE TOPIQUE,0.0011668898494082
D10BX,AUTRES PREPARATIONS ANTIACNEIQUES A USAGE SYSTEMIQUE,0.00581203130527671
D11AH01,TACROLIMUS,0.00110738562539242
G01AA51,NYSTATINE EN ASSOCIATION,0.0050882417409084
G01AF01,METRONIDAZOLE,0.00224413215362746
G01AF05,ECONAZOLE,0.0121366644056647
G01AF12,FENTICONAZOLE,0.00497361050061267
G01AF19,SERTACONAZOLE,0.0112895480572819
G02BA03,DIU EN PLASTIQUE AVEC DES PROGESTATIFS,0.00519321145820586
G03AA07,LEVONORGESTREL ET ESTROGENE,0.0224716921849515
G03AB03,LEVONORGESTREL ET ESTROGENE,0.00353770256364869
G03AC08,ETONOGESTREL,0.00276527514307054
G03AC09,DESOGESTREL,0.0281996358343324
G03AD01,LEVONORGESTREL,0.00568453321762704
G03AD02,ULIPRISTAL,0.00273505596838905
G03CA03,ESTRADIOL,0.00919372958679931
G03CA04,ESTRIOL,0.0118469615133845
G03CA09,PROMESTRIENE,0.0109712261490686
G03DA04,PROGESTERONE,0.00965399980727996
G03DB01,DYDROGESTERONE,0.00330267630781325
G03DB08,DIENOGEST,0.00225903434643568
G03FA04,PROGESTERONE ET ESTROGENE,0.00575717705542366
G03GA02,GONADOTROPHINE MENOPAUSIQUE HUMAINE,0.00108789811364744
G03GA05,FOLLITROPINE ALFA,0.00233837818557883
G03GA08,CHORIOGONADOTROPINE ALFA,0.00178240385275879
G03XC01,RALOXIFENE,0.00128991887862299
G04BD04,OXYBUTYNINE,0.00201513110972014
G04BD08,SOLIFENACINE,0.00921796261361546
G04BD09,TROSPIUM,0.00277610506458763
G04BD11,FESOTERODINE,0.00707085273449569
G04BE01,ALPROSTADIL,0.00213338022988937
G04CA01,ALFUZOSINE,0.0161550199000839
G04CA02,TAMSULOSINE,0.0198412792946869
G04CA04,SILODOSINE,0.0122620586115566
G04CA52,TAMSULOSINE ET DUTASTERIDE,0.00201656853052433
G04CB01,FINASTERIDE,0.00254326046501555
G04CB02,DUTASTERIDE,0.00681787324457023
G04CX02,SERENOA REPENS,0.0194165548664683
H01CC01,GANIRELIX,0.00228947623383411
H02AB01,BETAMETHASONE,0.044201552141424
H02AB02,DEXAMETHASONE,0.00127736380562253
H02AB04,METHYLPREDNISOLONE,0.00640187418903025
H02AB06,PREDNISOLONE,0.175218914748516
H02AB07,PREDNISONE,0.0369744195085961
H02AB08,TRIAMCINOLONE,0.00593169569812639
H02AB09,HYDROCORTISONE,0.0025326213541957
H03AA01,LEVOTHYROXINE SODIQUE,0.0784387392534686
H03BB01,CARBIMAZOLE,0.00234606224384196
H04AA01,GLUCAGON,0.00833233919137305
J01AA02,DOXYCYCLINE,0.0140963214797561
J01AA04,LYMECYCLINE,0.00105757519062785
J01CA04,AMOXICILLINE,0.20390801823424
J01CA08,PIVMECILLINAM,0.0119511460653816
J01CF02,CLOXACILLINE,0.00206077269229133
J01CR02,AMOXICILLINE ET INHIBITEUR D'ENZYME,0.0954368212166557
J01DC02,CEFUROXIME,0.00591685733961077
J01DD04,CEFTRIAXONE,0.00878792289872487
J01DD08,CEFIXIME,0.0176029994255686
J01DD13,CEFPODOXIME,0.014139751134989
J01EE01,SULFAMETHOXAZOLE ET TRIMETHOPRIME,0.0136933362500236
J01FA02,SPIRAMYCINE,0.00311602963688712
J01FA06,ROXITHROMYCINE,0.0110315630722186
J01FA09,CLARITHROMYCINE,0.0130474642849236
J01FA10,AZITHROMYCINE,0.0627288792810558
J01FF01,CLINDAMYCINE,0.00644256650024973
J01FG01,PRISTINAMYCINE,0.0376146800992516
J01MA01,OFLOXACINE,0.0100509439350887
J01MA02,CIPROFLOXACINE,0.0138484906034659
J01MA12,LEVOFLOXACINE,0.0117240363792
J01RA04,SPIRAMYCINE EN ASSOCIATION AVEC AUTRES ANTIBACTERIENS,0.018524553255652
J01XC01,FUSIDIQUE ACIDE,0.00117078970201728
J01XE01,NITROFURANTOINE,0.00661434838185679
J01XX01,FOSFOMYCINE,0.0505197636561818
J02AA01,AMPHOTERICINE B,0.0114355293043646
J02AC01,FLUCONAZOLE,0.0126254729247404
J05AB01,ACICLOVIR,0.00401438646549714
J05AB11,VALACICLOVIR,0.0234271122263404
J05AE30,NIRMATRELVIR + RITONAVIR,0.00124334803879928
J05AH02,OSELTAMIVIR,0.00215869562772135
J05AR03,TENOFOVIR DISOPROXIL ET EMTRICITABINE,0.00143974514492241
J06BB01,IMMUNOGLOBULINE ANTI-D (rh),0.00212695351474065
J07AL01,"PNEUMOCOCCUS, ANTIGENE POLYSACCHARIDIQUE PURIFIE",0.00922048564870093
J07AL02,"PNEUMOCOCCUS, ANTIGENE POLYSACCHARIDIQUE PURIFIE CONJUGUE",0.0177568853841183
J07BB02,"GRIPPE, VIRUS FRACTIONNE INACTIVE OU ANTIGENE PURIFIE",0.244786906744063
J07BC01,"HEPATITE B, ANTIGENE PURIFIE",0.00392377547391018
J07BC02,"HEPATITE A, VIRUS ENTIER INACTIVE",0.00251615533552765
J07BD52,"ROUGEOLE EN ASSOCIATION AVEC OREILLONS ET RUBEOLE, VIRUS VIVANTS ATTENUES",0.00113549011190215
J07BM03,"PAPILLOMAVIRUS TYPES HUMAINS 6, 11, 16, 18, 31, 33, 45, 52, 58",0.0011873207630336
J07BX05,VACCINS CONTRE LE VIRUS RESPIRATOIRE SYNCYTIAL,0.00104232209697931
J07CA01,DIPHTERIE-POLYOMIELITE-TETANOS,0.00828887012569397
J07CA02,DIPHTERIE-COQUELUCHE-POLIOMYELITE-TETANOS,0.069895079318255
L01BA01,METHOTREXATE,0.00427851251324992
L01BC02,FLUOROURACILE,0.00475726898166562
L01XD03,METHYLE AMINOLEVULINATE,0.00113569758720869
L01XX05,HYDROXYCARBAMIDE,0.00134809023910101
L02AE02,LEUPRORELINE,0.00136135945736488
L02AE04,TRIPTORELINE,0.00347967740894387
L02BA01,TAMOXIFENE,0.00113898831913419
L02BG03,ANASTROZOLE,0.00198724926382987
L02BG04,LETROZOLE,0.00390039263191407
L02BG06,EXEMESTANE,0.00113046857791721
L03AA02,FILGRASTIM,0.00185030782187811
L03AA13,PEGFILGRASTIM,0.00181841349470119
L04AA06,MYCOPHENOLIQUE ACIDE,0.001395415419425
L04AB04,ADALIMUMAB,0.00179847825926418
L04AD02,TACROLIMUS,0.00112313828646089
L04AX03,METHOTREXATE,0.00423594554541023
M01AB05,DICLOFENAC,0.0385491583808353
M01AB16,ACECLOFENAC,0.0040488758723102
M01AC01,PIROXICAM,0.0125977619799653
M01AC02,TENOXICAM,0.00105483436832733
M01AC06,MELOXICAM,0.00252572422648892
M01AE01,IBUPROFENE,0.109769418393516
M01AE02,NAPROXENE,0.0505682849693894
M01AE03,KETOPROFENE,0.122401264386301
M01AE09,FLURBIPROFENE,0.0139076610082122
M01AE11,TIAPROFENIQUE ACIDE,0.0087051446830016
M01AG01,MEFENAMIQUE ACIDE,0.00104339162424338
M01AH01,CELECOXIB,0.00964182796098407
M01AH05,ETORICOXIB,0.00354741309813665
M01AX01,NABUMETONE,0.0034841957228564
M01AX02,NIFLUMIQUE ACIDE,0.00282769791985841
M02AA13,IBUPROFENE,0.0448440468911854
M02AA15,DICLOFENAC,0.131076826662725
M02AA17,NIFLUMIQUE ACIDE,0.0070593282790236
M03BX01,BACLOFENE,0.00315664442324582
M04AA01,ALLOPURINOL,0.0239357050656601
M04AA03,FEBUXOSTAT,0.00847678522174345
M04AC01,COLCHICINE,0.0145382252201333
M05BA04,ALENDRONIQUE ACIDE,0.00238468883582798
M05BA07,RISEDRONIQUE ACIDE,0.00665298259806161
M05BA08,ZOLEDRONIQUE ACIDE,0.00307830888892053
M05BB03,ALENDRONIQUE ACIDE ET COLECALCIFEROL,0.00227938165147546
M05BX04,DENOSUMAB,0.00315032260225478
M09AX,AUTRES MEDICAMENTS DES DESORDRES MUSCULO-SQUELETTIQUES,0.00200189519352083
N01BB02,LIDOCAINE,0.0401315969788133
N01BB52,LIDOCAINE EN ASSOCIATION,0.0239173882433504
N02AA01,MORPHINE,0.0111216205204005
N02AA05,OXYCODONE,0.00641321995778593
N02AB03,FENTANYL,0.00509410424541625
N02AJ06,CODEINE + PARACETAMOL,0.078478458702044
N02AJ08,CODEINE + IBUPROFENE,0.00106708544206751
N02AJ13,TRAMADOL + PARACETAMOL,0.0331323474783982
N02AX02,TRAMADOL,0.0593994751489291
N02BA01,ACETYLSALICYLIQUE ACIDE,0.00919190841329893
N02BE01,PARACETAMOL,0.624618586128518
N02BE51,PARACETAMOL EN ASSOCIATION SAUF PSYCHOLEPTIQUES,0.00674174421728276
N02BE71,PARACETAMOL EN ASSOCIATION AVEC DES PSYCHOLEPTIQUES,0.0865456293796829
N02BF01,GABAPENTINE,0.0122016893855142
N02BF02,PREGABALINE,0.0163901469802594
N02BG06,NEFOPAM,0.0329270400489451
N02CC01,SUMATRIPTAN,0.00171279523918058
N02CC03,ZOLMITRIPTAN,0.00680315109992809
N02CC04,RIZATRIPTAN,0.00121408213783016
N02CC05,ALMOTRIPTAN,0.00167461191891879
N02CC06,ELETRIPTAN,0.00389438033831004
N03AA02,PHENOBARBITAL,0.00103820121101658
N03AE01,CLONAZEPAM,0.00163963759630531
N03AF01,CARBAMAZEPINE,0.00255895800373785
N03AG01,VALPROIQUE ACIDE,0.00485204945343469
N03AG02,VALPROMIDE,0.00124603889754747
N03AX09,LAMOTRIGINE,0.00570009880910105
N03AX11,TOPIRAMATE,0.00120165357269472
N03AX14,LEVETIRACETAM,0.00425512818781351
N03AX18,LACOSAMIDE,0.00124976866285902
N04AA01,TRIHEXYPHENIDYL,0.00139843702563142
N04AA12,TROPATEPINE,0.00231959590688006
N04BA02,LEVODOPA ET INHIBITEUR DE LA DECARBOXYLASE,0.00597037646707536
N04BC04,ROPINIROLE,0.00108523449460865
N04BC05,PRAMIPEXOLE,0.00332309034746472
N04BD02,RASAGILINE,0.00101339175244852
N05AA06,CYAMEMAZINE,0.00622583305494988
N05AD01,HALOPERIDOL,0.00215901908323347
N05AH01,LOXAPINE,0.00252886159313341
N05AH03,OLANZAPINE,0.00367890047398332
N05AH04,QUETIAPINE,0.00445887496313867
N05AL03,TIAPRIDE,0.00118084306256451
N05AL05,AMISULPRIDE,0.00115863209186073
N05AN01,LITHIUM,0.00186378037761045
N05AX08,RISPERIDONE,0.00742003685491169
N05AX12,ARIPIPRAZOLE,0.00404028353770665
N05BA01,DIAZEPAM,0.017985954874525
N05BA04,OXAZEPAM,0.0425295114650413
N05BA05,CLORAZEPATE POTASSIQUE,0.0019516777605353
N05BA06,LORAZEPAM,0.0116830645393002
N05BA08,BROMAZEPAM,0.0307422347746907
N05BA09,CLOBAZAM,0.00215717338467947
N05BA11,PRAZEPAM,0.0115194578898469
N05BA12,ALPRAZOLAM,0.0561665800871713
N05BA21,CLOTIAZEPAM,0.00358311334561143
N05BB01,HYDROXYZINE,0.0244584840535662
N05BE01,BUSPIRONE,0.00121909442349655
N05CD06,LORMETAZEPAM,0.0104966169503096
N05CD11,LOPRAZOLAM,0.00240648455612565
N05CF01,ZOPICLONE,0.0370053175361877
N05CF02,ZOLPIDEM,0.012539855057615
N05CJ03,DARIDOREXANT,0.00162384461218023
N06AA04,CLOMIPRAMINE,0.00246412548147866
N06AA09,AMITRIPTYLINE,0.0158611528350477
N06AB03,FLUOXETINE,0.0127898530198007
N06AB04,CITALOPRAM,0.00309660874830929
N06AB05,PAROXETINE,0.0251815594564615
N06AB06,SERTRALINE,0.0140658520840862
N06AB10,ESCITALOPRAM,0.0244618581971541
N06AX03,MIANSERINE,0.0133756679661503
N06AX11,MIRTAZAPINE,0.0115422531981267
N06AX16,VENLAFAXINE,0.0189452818920157
N06AX21,DULOXETINE,0.00874196498338234
N06AX26,VORTIOXETINE,0.00625786959515195
N06BA04,METHYLPHENIDATE,0.00118378486194441
N07BA01,NICOTINE,0.0213411772603005
N07BB03,ACAMPROSATE,0.00145294803899989
N07BC01,BUPRENORPHINE,0.00129201001436116
N07BC02,METHADONE,0.00110912267761401
N07CA01,BETAHISTINE,0.0106467318487662
N07CA04,ACETYLLEUCINE,0.0259612890685665
P01AB01,METRONIDAZOLE,0.0203447796399787
P01AB07,SECNIDAZOLE,0.00402638317962103
P02CA03,ALBENDAZOLE,0.00189188508005907
P02CA05,FLUBENDAZOLE,0.00376049644317096
P02CF01,IVERMECTINE,0.00506992393026573
P03AX01,BENZOATE DE BENZYLE,0.00154445182625836
R01AA05,OXYMETAZOLINE,0.0153560682092687
R01AC03,AZELASTINE,0.00493055769116888
R01AD01,BECLOMETASONE,0.0593687997494104
R01AD05,BUDESONIDE,0.00980896822458876
R01AD07,TIXOCORTOL,0.0744132491961418
R01AD09,MOMETASONE,0.0388848535103954
R01AD11,TRIAMCINOLONE,0.00877050370488887
R01AD12,FLUTICASONE FUROATE,0.00668661782416266
R01AD58,"DECONGESTIONNANTS ET AUTRES PREPARATIONS NASALES, CORTICOSTEROIDES EN ASSOCIATION",0.0236124309585236
R01AD59,MOMETASONE EN ASSOCIATION,0.0112463069069964
R01AX03,IPRATROPIUM BROMURE,0.00163899327673563
R01AX06,MUPIROCINE,0.00138732872820377
R03AC02,SALBUTAMOL,0.0757556424504984
R03AC03,TERBUTALINE,0.00569257223739382
R03AC13,FORMOTEROL,0.00242440445931211
R03AC18,INDACATEROL,0.00136453148926897
R03AK06,SALMETEROL ET FLUTICASONE,0.0206618039028044
R03AK07,FORMOTEROL ET BUDESONIDE,0.0267836803876518
R03AK08,FORMOTEROL ET BECLOMETASONE,0.0200007210866126
R03AK10,VILANTEROL ET FLUTICASONE FUROATE,0.0175446742739869
R03AL01,FENOTEROL ET BROMURE D'IPRATROPIUM,0.00411639693497021
R03AL03,"VILANTEROL, UMECLIDINIUM BROMURE",0.00489932261680886
R03AL04,INDACATEROL ET BROMURE DE GLYCOPYRRONIUM,0.00330814458252771
R03AL08,VILANTEROL + UMECLIDINIUM + FLUTICASONE,0.00451692465267571
R03AL09,FORMOTEROL + GLYCOPYRRONIUM BROMURE + BECLOMETASONE,0.00354577463331564
R03AL11,FORMOTEROL + GLYCOPYRRONIUM BROMURE + BUDESONIDE,0.00113951743057679
R03BA01,BECLOMETASONE,0.0127675255489772
R03BA02,BUDESONIDE,0.0109367533623578
R03BA05,FLUTICASONE,0.0108814008522264
R03BB01,IPRATROPIUM BROMURE,0.00472042121236054
R03BB04,TIOTROPIUM BROMURE,0.00680482523839553
R03BB07,UMECLIDINIUM BROMURE,0.0020820369770656
R03BB54,TIOTROPIUM BROMURE EN ASSOCIATION,0.0013620472843524
R03DC03,MONTELUKAST,0.0119092635783494
R05CB,MUCOLYTIQUES,0.0740579071334213
R05DA04,CODEINE,0.0029610307934468
R05DA09,DEXTROMETHORPHANE,0.0499521887585763
R05DA20,ASSOCIATIONS ANTITUSSIVES,0.0176909623684465
R06AD01,ALIMEMAZINE,0.0066592133234326
R06AD08,OXOMEMAZINE,0.0371141380297504
R06AE07,CETIRIZINE,0.0313399807203045
R06AE09,LEVOCETIRIZINE,0.0154886303225254
R06AX13,LORATADINE,0.0036473461116005
R06AX22,EBASTINE,0.0217309969343577
R06AX25,MIZOLASTINE,0.00115713637662496
R06AX26,FEXOFENADINE,0.00324353340592994
R06AX27,DESLORATADINE,0.0917721069868852
R06AX28,RUPATADINE,0.00262072878476082
R06AX29,BILASTINE,0.0364984093398798
S01AA12,TOBRAMYCINE,0.0138207761790947
S01AA13,FUSIDIQUE ACIDE,0.00180900247456733
S01AA16,RIFAMYCINE,0.00348381120245186
S01AA26,AZITHROMYCINE,0.0198448906207162
S01AE01,OFLOXACINE,0.00305583462903019
S01AE03,CIPROFLOXACINE,0.00279359401283215
S01AX,AUTRES ANTIINFECTIEUX,0.00677248432383832
S01AX07,SODIUM BORATE,0.0504785213769075
S01BA01,DEXAMETHASONE,0.0159038956994582
S01BA07,FLUOROMETHOLONE,0.00376101179371566
S01BC01,INDOMETACINE,0.0191572730937021
S01BC04,FLURBIPROFENE,0.00872400262567198
S01BC05,KETOROLAC,0.00154680082667804
S01BC11,BROMFENAC SODIUM SESQUIHYDRATE,0.00139224819899825
S01CA01,DEXAMETHASONE ET ANTIINFECTIEUX,0.052982238873888
S01EA03,APRACLONIDINE,0.00758785115014822
S01EA05,BRIMONIDINE,0.0023049951812405
S01EB01,PILOCARPINE,0.00128614982340364
S01EC01,ACETAZOLAMIDE,0.00331108029676858
S01EC03,DORZOLAMIDE,0.00141777142453053
S01EC04,BRINZOLAMIDE,0.00639840627430324
S01EC54,BRINZOLAMIDE EN ASSOCIATION,0.00193379386426821
S01ED01,TIMOLOL,0.00610575887096569
S01ED05,CARTEOLOL,0.00371255319344992
S01ED51,TIMOLOL EN ASSOCIATION,0.0228818426933997
S01EE01,LATANOPROST,0.0255414637690358
S01EE03,BIMATOPROST,0.00345196406880277
S01EE04,TRAVOPROST,0.00194626204224192
S01FA01,ATROPINE,0.00147261230949147
S01FA06,TROPICAMIDE,0.020804463021978
S01FB01,PHENYLEPHRINE,0.0078388372036773
S01GX01,CROMOGLICIQUE ACIDE,0.022267827202591
S01GX02,LEVOCABASTINE,0.00982887665023842
S01GX03,SPAGLUMIQUE ACIDE,0.0111831814923404
S01GX07,AZELASTINE,0.0026666479278004
S01GX08,KETOTIFENE,0.0139146471543574
S01KA02,HYPROMELLOSE,0.0109345001203876
S01LA04,RANIBIZUMAB,0.00372995121313602
S01LA05,AFLIBERCEPT,0.0045034871956001
S01LA09,FARICIMAB,0.00148349985225959
S01XA02,RETINOL,0.0121721145781139
S01XA20,LARMES ARTIFICIELLES ET DIVERSES AUTRES PREPARATIONS,0.0444781493666159
S02AA16,OFLOXACINE,0.0131325323777959
S02CA05,FLUOCINOLONE ET ANTIINFECTIEUX,0.00739050587813038
S02CA06,DEXAMETHASONE ET ANTIINFECTIEUX,0.0195519894557462
S02CA07,FLUDROCORTISONE ET ANTIINFECTIEUX,0.00893851685920151
S02DA30,ASSOCIATIONS (ANALGESIQUES ET ANESTHESIQUES),0.00626101763864529
V01AA02,POLLEN D'HERBE,0.00108717448481782
V01AA03,POUSSIERES DE MAISON ET ACARIENS,0.00106755108746737
V03AE01,SULFONATE DE POLYSTYRENE,0.00517920180611437
V03AF03,CALCIUM FOLINATE,0.00150911681143448
V04CX,AUTRES MEDICAMENTS POUR DIAGNOSTIC,0.00651012896416378
V08AB02,IOHEXOL,0.00290786846350788
V08AB04,IOPAMIDOL,0.00638885726017363
V08AB05,IOPROMIDE,0.0042091673400034
V08AB07,IOVERSOL,0.00408375051392831
V08AB09,IODIXANOL,0.0048354926289507
V08AB10,IOMEPROL,0.00674948293877747
V08AB11,IOBITRIDOL,0.0044990487678325
V08CA02,GADOTERIQUE ACIDE,0.00955226396472466
V08CA04,GADOTERIDOL,0.00117308106402083
V08CA09,GADOBUTROL,0.00217102095392473
